{
  "PassName": "Temporal Reuse Visibility pass",
  "Alpha": 0.10000000149011612,
  "Max_Alpha": 0.28999999165534973,
  "Ratio_dv": 17.719999313354492,
  "Ratio_ddv": 30.0
}