{
    "PassName": "Temporal Reuse Visibility pass",
    "Alpha": 0.1,
    "Max_Alpha": 0.30300000309944153,
    "Ratio_dv": 20.139999389648438,
    "Ratio_ddv": 30.0
}
