{
  "PassName": "Temporal Reuse Visibility pass",
  "Alpha": 0.10000000149011612,
  "Max_Alpha": 0.21799999475479126,
  "Ratio_dv": 20.139999389648438,
  "Ratio_ddv": 30.0
}