{
  "PassName": "Temporal Reuse Visibility pass",
  "Alpha": 0.10000000149011612,
  "Max_Alpha": 0.2290000021457672,
  "Ratio_dv": 30.0,
  "Ratio_ddv": 30.0
}